orijinal,yeni
BrainFit,BrainFit
Programlar,Programlarımız
Zihin Check-Up,Zihin Check-Up
Süreç,Nasıl Çalışıyoruz?
Hakkımızda,Hakkımızda
İletişim,İletişim
Close menu,Menüyü Kapat
Open menu,Menüyü Aç
Check-Up,Zihin Check-Up
Karşıyaka BrainFit,BrainFit Karşıyaka
Çocuğunuzun öğrenme haritasını birlikte çıkaralım.,Çocuğunuzun öğrenme potansiyelini birlikte keşfedelim.
"Etiket koymadan, nereden başlayabileceğinizi birlikte görelim.","Tanı koymadan, gelişim yolculuğuna nereden başlayacağımızı birlikte belirleyelim."
"45 dakikalık Zihin Check-Up ile çocuğunuzun dikkat, hafıza ve öğrenme becerilerine daha yakından bakın.","45 dakikalık Zihin Check-Up ile çocuğunuzun dikkat, hafıza ve öğrenme becerilerini bilimsel verilerle analiz edin."
Zihin Check-Up’ı Alın,Zihin Check-Up Randevusu Al
Gülümseyen bir çocuğun düşünerek yukarı baktığı BrainFit hero görseli,Düşünen ve gülümseyen çocuk görseli - BrainFit Ana Sayfa
Her çocuğun potansiyeli keşfedilmeyi bekler.,Her çocuğun keşfedilmeyi bekleyen eşsiz bir potansiyeli vardır.
İç sesinizi duyuyoruz,Ebeveynlerin Kaygılarını Anlıyoruz
Evde bunu yaşıyor olabilirsiniz.,Evinizde benzer süreçlerden geçiyor olabilirsiniz:
“Zeki olduğunu biliyorum. Ama neden bu kadar zorlanıyor?”,“Çocuğumun potansiyelinin farkındayım ama neden akademik süreçlerde bu kadar zorlanıyor?”
Size en yakın cümleyi seçin.,Çocuğunuzun durumunu en iyi özetleyen ifadeyi seçin.
Bu seçim yalnızca formda görünür; aile görüşmesine daha net bir başlangıç sağlar.,"Bu seçim, uzman görüşmemiz için ön bilgi sağlar ve süreci size özel yapılandırmamıza yardımcı olur."
Ödevin başına oturuyor ama başlayamıyor.,Ödevin başına geçmekte zorlanıyor veya sürekli erteliyor.
"Anlıyor gibi görünüyor, sonra unutuyor.",Konuyu anladığını söylüyor ama kısa süre sonra bilgiyi hatırlamakta güçlük çekiyor.
Sınavda bildiğini gösteremiyor.,Bilgi sahibi olmasına rağmen sınav anında bu bilgiyi kağıda dökemiyor.
Çok zeki ama dikkati dağılıyor deniyor.,Potansiyeli yüksek görülmesine rağmen dikkati çok çabuk dağılıyor.
"Bu tablo her zaman isteksizlik anlamına gelmez. Başlamak, dikkati sürdürmek ve planı küçük adımlara bölmek ayrı ayrı desteklenebilen becerilerdir.","Bu durum her zaman isteksizlikten kaynaklanmaz. Odaklanma, dikkati sürdürme ve planlama, doğru egzersizlerle geliştirilebilen zihinsel becerilerdir."
"Bazen çocuk bilgiyi o anda kavrar, fakat sonradan geri çağırmakta zorlanır. Hafıza ve tekrar ritmini birlikte anlamak iyi bir başlangıçtır.",Bilgiyi kavramak ve o bilgiyi ihtiyaç anında geri çağırmak farklı süreçlerdir. Hafıza kapasitesini ve öğrenme ritmini anlamak gelişimin anahtarıdır.
"Bildiklerini doğru anda kullanmak dikkat, hız ve sakin kalabilme ile birlikte çalışır. Önce hangi adımın zorlandığını görmeye çalışırız.","Öğrenilenlerin eyleme dökülmesi; dikkat, işlem hızı ve kaygı yönetimiyle ilişkilidir. Biz, bu zincirin hangi halkasında destek gerektiğini tespit ediyoruz."
Zeka ile dikkati sürdürmek aynı şey değildir. Çocuğunuzun potansiyelini göstermesini zorlaştıran becerileri birlikte fark edebiliriz.,Bilişsel kapasite (zeka) ile dikkati sürdürme becerisi farklı alanlardır. Çocuğunuzun potansiyelini tam yansıtmasını engelleyen zihinsel bariyerleri birlikte aşabiliriz.
Daha fazla baskıdan önce,Daha Fazla Israr Etmeden Önce
Bu bir tembellik meselesi olmayabilir.,Yaşananlar bir motivasyon eksikliği veya tembellik olmayabilir.
"Çocuklar bazen gerçekten ister, dener ve yorulur. Fakat dikkatini sürdürmek, bilgiyi akılda tutmak veya öğrendiğini doğru anda kullanmak zor geldiğinde sonuç çabasıyla aynı görünmeyebilir.","Çocuklar bazen tüm güçleriyle dener ve yorulurlar. Ancak odaklanma veya hafıza kapasitesi zorlandığında, harcadıkları çaba aldıkları sonuçla örtüşmeyebilir."
"Bu yüzden ilk adım daha çok zorlamak değil, hangi becerinin desteklenmeye ihtiyaç duyduğunu sakin bir şekilde anlamaktır.",Bu nedenle çözüm daha çok baskı kurmak değil; hangi zihinsel becerinin desteğe ihtiyaç duyduğunu uzmanlıkla belirlemektir.
Yalnız değilsiniz,Bu Yolculukta Yalnız Değilsiniz
Öğrenmek tek bir beceri değildir.,"Öğrenme, birden fazla bilişsel becerinin uyumudur."
"Dikkat, hafıza, işlem ritmi ve planlama birlikte çalışır. Bu alanlardan biri zorlandığında çocuk “biliyor ama yapamıyor” gibi görünebilir.","Dikkat, hafıza ve planlama gibi beceriler bir bütün olarak çalışır. Bu alanlardan birindeki zayıflık, çocuğun performansını doğrudan etkiler."
Öğrenme kartları,Bilişsel Gelişim Alanları
Dikkatini sürdürmek,Dikkati Sürdürme
"Başlamak kadar, başladığı işi küçük adımlarla devam ettirmek de ayrı bir beceridir.","Bir işe başlamak kadar, o işi dikkat dağılmadan sonuna kadar götürmek de geliştirilebilir bir yetidir."
Dikkatini sürdürmek kartını göster,Dikkati Sürdürme Detaylarını Gör
Bilgiyi hatırlamak,Hafıza ve Geri Çağırma
"Anladığı bilgiyi doğru zamanda geri çağırmak, hafıza ritmi ve tekrar alışkanlığıyla ilişkilidir.","Öğrenilen bilginin ihtiyaç duyulduğu anda hatırlanması, hafıza kapasitesi ve doğru tekrar teknikleriyle doğrudan ilişkilidir."
Bilgiyi hatırlamak kartını göster,Hafıza Detaylarını Gör
Öğrendiğini kullanmak,Bilgiyi Uygulama ve Transfer
"Sınavda ya da ödevde bildiğini göstermek; dikkat, hız ve planlama ile birlikte çalışır.","Sınav ve ödev performansında bilgiyi doğru kullanmak; dikkat, işlem hızı ve planlama yetisiyle mümkündür."
Öğrendiğini kullanmak kartını göster,Uygulama Becerisi Detaylarını Gör
45 dakika. Daha net bir başlangıç.,45 Dakikada Bilimsel Bir Başlangıç
"Daha fazla baskıdan önce, çocuğunuzun öğrenirken nerede zorlandığını anlamaya çalışırız. Görüşme sonunda tabloyu daha sakin ve anlaşılır şekilde konuşuruz.","Çocuğunuza daha fazla yüklenmeden önce, öğrenme süreçlerindeki engelleri tespit ediyoruz. Görüşme sonunda mevcut durumu size somut verilerle sunuyoruz."
Check-Up Talebi,Zihin Check-Up Başvurusu
92%,%92
"Katılımcıların büyük çoğunluğu dikkat, hafıza ve öğrenme becerilerinde gelişim fark ettiğini paylaşıyor.","BrainFit programlarına katılanların büyük çoğunluğu, dikkat ve öğrenme süreçlerinde kalıcı bir gelişim gözlemlediklerini belirtiyor."
Görüşme,Uzman Görüşmesi
16 sayfalık kişisel bilişsel rapor,16 Sayfalık Kapsamlı Bilişsel Analiz Raporu
"Tanı, ilaç veya klinik yönlendirme dili yok",Tıbbi Tanı veya İlaç İçermeyen Bilişsel Yaklaşım
Aileniz için anlamlı ilk adımı birlikte konuşuruz,Aileniz ve çocuğunuz için en doğru gelişim yolunu birlikte planlıyoruz.
45 dakika,45 Dakikalık Analiz
"Çocuğunuzun dikkat, hafıza ve öğrenme ritmine yakından bakılır.","Çocuğunuzun bilişsel profili; dikkat, hafıza ve öğrenme hızı gibi temel alanlarda incelenir."
16 sayfalık rapor,16 Sayfalık Analiz Raporu
Güçlü alanlar ve desteklenebilecek beceriler anlaşılır bir dille özetlenir.,"Çocuğunuzun güçlü yönleri ve gelişime açık alanları anlaşılır, somut bir raporla size sunulur."
Anlamlı ilk adım,Size Özel Yol Haritası
Aileniz için hangi başlangıcın doğru olabileceği birlikte konuşulur.,Elde edilen sonuçlara göre aileniz için en uygun başlangıç noktası uzmanlarımızla birlikte belirlenir.
Çocuğunuzun yaşına ve ihtiyacına uygun yollar.,Yaş grubuna ve bireysel ihtiyaçlara özel program seçenekleri.
Check-Up sonrasında hangi programın daha anlamlı olabileceğini birlikte değerlendiririz.,"Analiz sonrası, çocuğunuzun ihtiyacına en uygun programı veriye dayalı olarak seçiyoruz."
6-12 yaş,6-12 Yaş Grubu
Junior,BrainFit Junior
İlkokulda dikkat ve öğrenme temeli,İlkokul Dönemi İçin Bilişsel Temeller
"Dikkat, hafıza ve öğrenme alışkanlıklarını oyunlaştırılmış egzersizlerle destekleyen başlangıç programı.","Dikkat, hafıza ve öğrenme alışkanlıklarını oyunlaştırılmış egzersizlerle güçlendiren temel gelişim programı."
10-18 yaş,10-18 Yaş Grubu
Scholar,BrainFit Scholar
Sınav döneminde zihinsel düzen,Sınav Dönemi İçin Zihinsel Performans
"Odaklanma, bilgiyi hatırlama ve çalışma sürekliliğini destekleyen yapılandırılmış egzersiz akışı.","Odaklanma, bilgiyi geri çağırma ve çalışma disiplinini destekleyen yapılandırılmış zihinsel antrenmanlar."
6-18 yaş,6-18 Yaş Arası
Disleksi Desteği,Disleksi ve Okuma Desteği
Okuma ve öğrenme yolculuğunda destek,Okuma ve Akademik Süreçlerde Uzman Desteği
"Okuma, algı ve öğrenme süreçlerine eşlik eden, çocuğunuzun hızına saygılı özel destek programı.","Okuma, algı ve öğrenme süreçlerini kapsayan, çocuğunuzun kendi öğrenme hızına duyarlı özel destek programı."
Check-Up ile başlayın,Zihin Check-Up Randevusu Alın
BrainFit Karşıyaka ekibini temsil eden sıcak bir portre illüstrasyonu,BrainFit Karşıyaka Uzman Ekibi Görseli
Fotoğraf alanı,Ekip Fotoğrafı
BrainFit Karşıyaka Ekibi,BrainFit Karşıyaka Uzman Kadrosu
Zihin Check-Up ve bilişsel egzersiz programları,Zihin Check-Up ve Bireysel Gelişim Programları
Check-Up formuna git,Check-Up Formunu Doldur
Check-Up sonrası kendimizi daha net hissettik.,Zihin Check-Up sonrasında durumu çok daha net gördük.
Check-Up sonrası kendimizi daha sakin hissettik.,Görüşmemizin sonrasında içimiz çok daha rahatladı.
Check-Up sonrası kendimizi daha hazır hissettik.,BrainFit artık kendimizi daha hazır hissediyoruz.
Öğretmeni “dikkati çok dağılıyor” dediğinde ne yapacağımızı bilmiyorduk. Check-Up sonrası tabloyu ilk kez sakin ve anlaşılır şekilde gördük.,“Dikkati çok dağılıyor” geri bildirimleri bizi kaygılandırıyordu. Check-Up sayesinde sorunun kaynağını net bir şekilde anlayabildik.
Karşıyaka’dan bir veli,BrainFit Karşıyaka Velisi
Google 4.6 puan,Google Puanı: 4.6
Google 4.6/5,Google Müşteri Puanı: 4.6/5
Çocuğunuz için ilk adımı bugün netleştirin.,Çocuğunuzun geleceği için ilk adımı bugün atın.
"Formu doldurun, BrainFit Karşıyaka ekibi size ulaşsın. Paylaştığınız bilgiler yalnızca randevu planlaması için kullanılır.","Formu doldurun, uzman ekibimiz sizinle iletişime geçsin. Bilgileriniz KVKK kapsamında sadece randevu planlaması için saklanır."
Adınız Soyadınız,Adınız Soyadınız
Adınız,Adınız
Telefon,Telefon Numaranız
05xx xxx xx xx,05XX XXX XX XX
Çocuğunuzun Yaşı,Çocuğunuzun Yaşı
Örn. 9,Örn. 10
Notunuz,Mesajınız / Notunuz
Paylaşmak istediğiniz kısa bir not varsa yazabilirsiniz.,Eklemek istediğiniz özel bir durum veya sorunuz varsa buraya yazabilirsiniz.
Gönderiliyor...,Mesajınız İletiliyor...
Beni Arayın,Bilgi Almak İstiyorum
Talebiniz alındı. BrainFit Karşıyaka ekibi randevu için sizinle iletişime geçecek.,Talebiniz başarıyla alındı. Uzman ekibimiz en kısa sürede sizinle iletişime geçecektir.
Şu anda gönderemedik. Lütfen telefon numaranızı kontrol edip tekrar deneyin.,Mesaj gönderilemedi. Lütfen bilgilerinizi kontrol ederek tekrar deneyiniz.
Geçersiz form verisi.,Lütfen tüm alanları doğru formatta doldurunuz.
Seçilmedi,Henüz Seçim Yapılmadı
Not paylaşılmadı,Not Eklenmedi
"Ad, telefon ve yaş alanları zorunludur.","Lütfen ad, telefon ve yaş bilgilerini eksiksiz giriniz."
E-posta ayarları henüz yapılandırılmadı.,Sistem hatası: E-posta servisi şu an aktif değil.
Yeni Zihin Check-Up talebi,Yeni Zihin Check-Up Başvurusu
Ad Soyad:,Adı Soyadı:
Çocuğun yaşı:,Çocuğun Yaşı:
Seçilen durum:,Belirtilen Durum:
Not:,Veli Notu:
Tarih:,Başvuru Tarihi:
Yeni Zihin Check-Up Talebi - BrainFit Karşıyaka,BrainFit Karşıyaka - Yeni Başvuru Bildirimi
E-posta gönderimi şu anda tamamlanamadı.,E-posta gönderimi başarısız oldu.
Talep başarıyla gönderildi.,Başvurunuz tarafımıza ulaştı.
The latest from BrainFit,BrainFit’ten Güncel Yazılar
Read All Blog,Tüm Yazıları Gör
Unscheduled,Planlanmamış
No Sanity posts are published yet.,Henüz yayınlanmış bir içerik bulunmuyor.
Add project credentials and publish posts in Studio to populate this section.,Yayınlanan içerikler burada görünecektir.
Read blog post:,Yazıyı Oku:
Read More,Devamını Oku
Services,Hizmetlerimiz
Clinics,Merkezlerimiz
Treatments,Programlarımız
EN,TR
Open footer menu,Alt Menüyü Aç
48k,48.000+
People enrolled program,Eğitim Alan Katılımcılar
93%,%93
People get benefitted,Memnuniyet Oranı
Mental health at 30's,30'lu Yaşlarda Zihinsel Sağlık
Gentle mental care in your inbox.,Zihinsel gelişim rehberimiz e-posta kutunuzda.
Email address,E-posta Adresi
Enter your email,E-posta adresinizi giriniz
Subscribe to newsletter,Bültene Kaydol
BrainFit social link 1,Sosyal Medya - 1
BrainFit social link 2,Sosyal Medya - 2
BrainFit social link 3,Sosyal Medya - 3
Copyright 2026 BrainFit. All rights reserved.,Tüm Hakları Saklıdır © 2026 BrainFit.
Privacy,Gizlilik Politikası
Sitemap,Site Haritası
